q1,f,lambda
2,1.00E+14,0.75
3,1.00E+14,0.75
5,1.00E+14,1.38
7,1.00E+14,1.38
11,2.07E+14,1.37
13,3.89E+14,1.37
17,1.08E+15,1.36
19,1.66E+15,1.36
23,3.45E+15,1.36
29,8.47E+15,1.35
31,1.10E+16,1.35
37,2.19E+16,1.35
41,3.26E+16,1.35
43,3.93E+16,1.35
47,5.55E+16,1.35
53,8.88E+16,1.34
59,1.35E+17,1.34
61,1.54E+17,1.34
67,2.23E+17,1.34
71,2.79E+17,1.34
73,3.11E+17,1.34
79,4.24E+17,1.34
83,5.14E+17,1.34
89,6.76E+17,1.34
97,9.47E+17,1.34
101,1.11E+18,1.34
103,1.20E+18,1.33
107,1.40E+18,1.33
109,1.50E+18,1.33
113,1.73E+18,1.33
127,2.73E+18,1.33
131,3.08E+18,1.33
137,3.67E+18,1.33
139,3.89E+18,1.33
149,5.11E+18,1.33
151,5.38E+18,1.33
157,6.27E+18,1.33
163,7.27E+18,1.33
167,7.99E+18,1.33
173,9.18E+18,1.33
179,1.05E+19,1.33
181,1.10E+19,1.33
191,1.36E+19,1.32
193,1.42E+19,1.32
197,1.53E+19,1.32
199,1.60E+19,1.32